{
    "Barking and Dagenham": 0.030021392358537735,
    "Barnet": 0.012299273420300239,
    "Bexley": 0.03606867354907406,
    "Brent": 0.009430611935893785,
    "Bromley": 0.020391387903228253,
    "Camden": 0.001919619833451014,
    "City of London": -0.016792413136652806,
    "Croydon": 0.009013685335110377,
    "Ealing": 0.01170705713960496,
    "Enfield": 0.01428482513625351,
    "Greenwich": 0.0007864937890385004,
    "Hackney": 0.0008329990104685159,
    "Hammersmith and Fulham": -0.004170030629048638,
    "Haringey": 0.009329264702518048,
    "Harrow": 0.013435318700216303,
    "Havering": 0.027248579654980176,
    "Hillingdon": 0.017822518640961516,
    "Hounslow": 0.017333743556832593,
    "Islington": 0.011025452245001288,
    "Kensington and Chelsea": -0.001024037342923223,
    "Kingston upon Thames": 0.01752822762869588,
    "Lambeth": -0.005132023001315322,
    "Lewisham": 0.011380676343207607,
    "Merton": 0.022787687297507908,
    "Newham": -0.0007821671998677893,
    "Redbridge": 0.021618853562146656,
    "Richmond upon Thames": 0.01752434682157311,
    "Southwark": 0.00269866290577081,
    "Sutton": 0.02119320712517725,
    "Tower Hamlets": -0.03415795187899284,
    "Waltham Forest": 0.025842704365157454,
    "Wandsworth": -0.004207076865496151,
    "Westminster": -0.009242417662124747,
    "_DEFAULT_": 0.02
}