{
    "Barking and Dagenham": {
        "mean": 197401.87433048998,
        "std": 106121.70814423576
    },
    "Barnet": {
        "mean": 321232.64170324116,
        "std": 197433.06308363873
    },
    "Bexley": {
        "mean": 242027.9678818089,
        "std": 143980.58754046363
    },
    "Brent": {
        "mean": 287323.9250040644,
        "std": 183432.5171083984
    },
    "Bromley": {
        "mean": 301935.78817772196,
        "std": 183452.68921169886
    },
    "Camden": {
        "mean": 366861.4388133498,
        "std": 208087.46122697217
    },
    "City of London": {
        "mean": 369621.610743636,
        "std": 212851.48541966738
    },
    "Croydon": {
        "mean": 257659.01830404147,
        "std": 158925.43630362942
    },
    "Ealing": {
        "mean": 297781.72762759397,
        "std": 186984.55179129622
    },
    "Enfield": {
        "mean": 250121.19079717068,
        "std": 169189.2775535754
    },
    "Greenwich": {
        "mean": 288878.83561546647,
        "std": 176128.68308558734
    },
    "Hackney": {
        "mean": 331582.3398760331,
        "std": 200992.61568457403
    },
    "Hammersmith and Fulham": {
        "mean": 372683.18630828866,
        "std": 212594.92216520343
    },
    "Haringey": {
        "mean": 295277.4144305011,
        "std": 192867.7925379806
    },
    "Harrow": {
        "mean": 299687.65345976903,
        "std": 181504.98353077107
    },
    "Havering": {
        "mean": 263006.5620373285,
        "std": 152573.2993349994
    },
    "Hillingdon": {
        "mean": 272204.0817564369,
        "std": 167897.68283890042
    },
    "Hounslow": {
        "mean": 274131.0432379211,
        "std": 169415.55223180234
    },
    "Islington": {
        "mean": 360039.99327989336,
        "std": 198506.2732258788
    },
    "Kensington and Chelsea": {
        "mean": 397236.4523837888,
        "std": 215008.02866816593
    },
    "Kingston upon Thames": {
        "mean": 306996.03678313654,
        "std": 188203.0644803443
    },
    "Lambeth": {
        "mean": 321140.0104083686,
        "std": 193336.8954886235
    },
    "Lewisham": {
        "mean": 273364.97774432856,
        "std": 176955.69382317513
    },
    "Merton": {
        "mean": 300741.1219736439,
        "std": 189417.80555004225
    },
    "Newham": {
        "mean": 243203.07244942235,
        "std": 151765.58570404153
    },
    "Redbridge": {
        "mean": 264264.97694729234,
        "std": 168930.58278952958
    },
    "Richmond upon Thames": {
        "mean": 359584.67178234167,
        "std": 204602.5858967256
    },
    "Southwark": {
        "mean": 320940.5904009385,
        "std": 193039.99880010978
    },
    "Sutton": {
        "mean": 260615.56491742376,
        "std": 163150.27471333466
    },
    "Tower Hamlets": {
        "mean": 322667.136027256,
        "std": 178516.66167918872
    },
    "Waltham Forest": {
        "mean": 273191.7128960499,
        "std": 180681.179185846
    },
    "Wandsworth": {
        "mean": 349913.75677599106,
        "std": 206041.85664711098
    },
    "Westminster": {
        "mean": 368634.0664976173,
        "std": 209996.72739731724
    },
    "_DEFAULT_": {
        "mean": 298797.8954508465,
        "std": 186741.23005802897
    }
}